"Classification Code","Classification Code Description English","Classification Code Description French","Superscript English","Superscript French","Level"
"0","Management occupations","Gestion","","",1
"00","Senior management occupations","Cadres supérieurs/cadres supérieures","","",2
"001","Legislators and senior management","Membres des corps législatifs et cadres supérieurs/cadres supérieures","","",3
"0011","Legislators","Membres des corps législatifs","","",4
"0012","Senior government managers and officials","Cadres supérieurs/cadres supérieures - administration publique","","",4
"0013","Senior managers - financial, communications and other business services","Cadres supérieurs/cadres supérieures - services financiers, communications et autres services aux entreprises","","",4
"0014","Senior managers - health, education, social and community services and membership organizations","Cadres supérieurs/cadres supérieures - santé, enseignement, services sociaux et communautaires et associations mutuelles","","",4
"0015","Senior managers - trade, broadcasting and other services, n.e.c.","Cadres supérieurs/cadres supérieures - commerce, radiotélédiffusion et autres services, n.c.a.","","",4
"0016","Senior managers - construction, transportation, production and utilities","Cadres supérieurs/cadres supérieures - construction, transport, production et services d'utilité publique","","",4
"01-05","Specialized middle management occupations","Cadres intermédiaires spécialisés/cadres intermédiaires spécialisées","","",2
"011","Administrative services managers","Directeurs/directrices des services administratifs","","",3
"0111","Financial managers","Directeurs financiers/directrices financières","","",4
"0112","Human resources managers","Directeurs/directrices des ressources humaines","","",4
"0113","Purchasing managers","Directeurs/directrices des achats","","",4
"0114","Other administrative services managers","Directeurs/directrices d'autres services administratifs","","",4
"012","Managers in financial and business services","Directeurs/directrices des services financiers et des services aux entreprises","","",3
"0121","Insurance, real estate and financial brokerage managers","Directeurs/directrices des assurances, de l'immobilier et du courtage financier","","",4
"0122","Banking, credit and other investment managers","Directeurs/directrices de banque, du crédit et d'autres services de placements","","",4
"0124","Advertising, marketing and public relations managers","Directeurs/directrices de la publicité, du marketing et des relations publiques","","",4
"0125","Other business services managers","Directeurs/directrices d'autres services aux entreprises","","",4
"013","Managers in communication (except broadcasting)","Directeurs/directrices des services de communications (sauf la radiotélédiffusion)","","",3
"0131","Telecommunication carriers managers","Directeurs/directrices d'entreprises de télécommunications","","",4
"0132","Postal and courier services managers","Directeurs/directrices des services postaux et de messageries","","",4
"021","Managers in engineering, architecture, science and information systems","Directeurs/directrices des services de génie, d'architecture, de sciences et des systèmes informatiques","","",3
"0211","Engineering managers","Directeurs/directrices des services de génie","","",4
"0212","Architecture and science managers","Directeurs/directrices des services d'architecture et de sciences","","",4
"0213","Computer and information systems managers","Gestionnaires des systèmes informatiques","","",4
"031","Managers in health care","Directeurs/directrices des soins de santé","","",3
"0311","Managers in health care","Directeurs/directrices des soins de santé","","",4
"041","Managers in public administration","Directeurs/directrices de la fonction publique","","",3
"0411","Government managers - health and social policy development and program administration","Gestionnaires de la fonction publique - élaboration de politiques et administration de programmes sociaux et de santé","","",4
"0412","Government managers - economic analysis, policy development and program administration","Gestionnaires de la fonction publique - analyse économique, élaboration de politiques et administration de programmes","","",4
"0413","Government managers - education policy development and program administration","Gestionnaires de la fonction publique - élaboration de politiques en matière d'éducation et administration de programmes","","",4
"0414","Other managers in public administration","Autres gestionnaires de la fonction publique","","",4
"042","Managers in education and social and community services","Directeurs/directrices de l'enseignement et des services sociaux et communautaires","","",3
"0421","Administrators - post-secondary education and vocational training","Administrateurs/administratrices - enseignement postsecondaire et formation professionnelle  ","","",4
"0422","School principals and administrators of elementary and secondary education","Directeurs/directrices d'école et administrateurs/administratrices de programmes d'enseignement aux niveaux primaire et secondaire","","",4
"0423","Managers in social, community and correctional services","Directeurs/directrices des services sociaux, communautaires et correctionnels","","",4
"043","Managers in public protection services","Directeurs/directrices des services de la protection du public","","",3
"0431","Commissioned police officers","Officiers/officières de direction des services de police","","",4
"0432","Fire chiefs and senior firefighting officers","Chefs et officiers supérieurs/officières supérieures des services d'incendie","","",4
"0433","Commissioned officers of the Canadian Forces","Officiers/officières de direction des Forces canadiennes","","",4
"051","Managers in art, culture, recreation and sport","Directeurs/directrices des arts, de la culture, des sports et des loisirs","","",3
"0511","Library, archive, museum and art gallery managers","Directeurs/directrices de bibliothèques, des archives, de musées et de galeries d'art","","",4
"0512","Managers - publishing, motion pictures, broadcasting and performing arts","Directeurs/directrices - édition, cinéma, radiotélédiffusion et arts de la scène","","",4
"0513","Recreation, sports and fitness program and service directors","Directeurs/directrices de programmes et de services de sports, de loisirs et de conditionnement physique","","",4
"06","Middle management occupations in retail and wholesale trade and customer services","Cadres intermédiaires dans le commerce de détail, de gros et des services à la clientèle","","",2
"060","Corporate sales managers","Directeurs/directrices des ventes corporatives","","",3
"0601","Corporate sales managers","Directeurs/directrices des ventes corporatives","","",4
"062","Retail and wholesale trade managers","Directeurs/directrices - commerce de détail et de gros","","",3
"0621","Retail and wholesale trade managers","Directeurs/directrices - commerce de détail et de gros","","",4
"063","Managers in food service and accommodation","Directeurs/directrices de la restauration et des services d'hébergement","","",3
"0631","Restaurant and food service managers","Directeurs/directrices de la restauration et des services alimentaires","","",4
"0632","Accommodation service managers","Directeurs/directrices des services d'hébergement","","",4
"065","Managers in customer and personal services, n.e.c.","Directeurs/directrices du service à la clientèle et des services personnels, n.c.a.","","",3
"0651","Managers in customer and personal services, n.e.c.","Directeurs/directrices du service à la clientèle et des services personnels, n.c.a.","","",4
"07-09","Middle management occupations in trades, transportation, production and utilities","Cadres intermédiaires des métiers, des transports, de la production et des services d'utilité publique","","",2
"071","Managers in construction and facility operation and maintenance","Directeurs/directrices de la construction, de l'exploitation et de l'entretien d'immeubles","","",3
"0711","Construction managers","Directeurs/directrices de la construction","","",4
"0712","Home building and renovation managers","Gestionnaires et rénovateurs/rénovatrices en construction domiciliaire","","",4
"0714","Facility operation and maintenance managers","Directeurs/directrices de l'exploitation et de l'entretien d'immeubles","","",4
"073","Managers in transportation","Directeurs/directrices des transports","","",3
"0731","Managers in transportation","Directeurs/directrices des transports","","",4
"081","Managers in natural resources production and fishing","Directeurs/directrices de l'exploitation des ressources naturelles et de la pêche","","",3
"0811","Managers in natural resources production and fishing","Directeurs/directrices de l'exploitation des ressources naturelles et de la pêche","","",4
"082","Managers in agriculture, horticulture and aquaculture","Gestionnaires en agriculture, horticulture et en aquaculture","","",3
"0821","Managers in agriculture","Gestionnaires en agriculture","","",4
"0822","Managers in horticulture","Gestionnaires en horticulture","","",4
"0823","Managers in aquaculture","Gestionnaires en aquaculture","","",4
"091","Managers in manufacturing and utilities","Directeurs/directrices de la fabrication et des services d'utilité publique","","",3
"0911","Manufacturing managers","Directeurs/directrices de la fabrication","","",4
"0912","Utilities managers","Directeurs/directrices des services d'utilité publique","","",4
"1","Business, finance and administration occupations","Affaires, finance et administration","","",1
"11","Professional occupations in business and finance","Personnel professionnel en gestion des affaires et en finance","","",2
"111","Auditors, accountants and investment professionals","Professionnels/professionnelles en finance, en vérification et en comptabilité","","",3
"1111","Financial auditors and accountants","Vérificateurs/vérificatrices et comptables","","",4
"1112","Financial and investment analysts","Analystes financiers/analystes financières et analystes en placements","","",4
"1113","Securities agents, investment dealers and brokers","Agents/agentes en valeurs, agents/agentes en placements et négociateurs/négociatrices en valeurs","","",4
"1114","Other financial officers","Autres agents financiers/agentes financières","","",4
"112","Human resources and business service professionals","Professionnels/professionnelles en gestion des ressources humaines et en services aux entreprises","","",3
"1121","Human resources professionals","Professionnels/professionnelles en ressources humaines","","",4
"1122","Professional occupations in business management consulting","Professionnels/professionnelles des services-conseils en gestion aux entreprises","","",4
"1123","Professional occupations in advertising, marketing and public relations","Professionnels/professionnelles en publicité, en marketing et en relations publiques","","",4
"12","Administrative and financial supervisors and administrative occupations","Personnel de supervision du travail administratif et financier et personnel administratif","","",2
"121","Administrative services supervisors","Superviseurs/superviseures de services administratifs","","",3
"1211","Supervisors, general office and administrative support workers","Superviseurs/superviseures de commis de bureau et du personnel de soutien administratif","","",4
"1212","Supervisors, finance and insurance office workers","Superviseurs/superviseures de commis de finance et d'assurance","","",4
"1213","Supervisors, library, correspondence and related information workers","Superviseurs/superviseures de commis de bibliothèque, de correspondanciers et d'autres commis à l'information","","",4
"1214","Supervisors, mail and message distribution occupations","Superviseurs/superviseures de services postaux et de messageries","","",4
"1215","Supervisors, supply chain, tracking and scheduling co-ordination occupations","Superviseurs/superviseures du personnel de coordination de la chaîne d'approvisionnement, du suivi et des horaires","","",4
"122","Administrative and regulatory occupations","Personnel administratif et de réglementation","","",3
"1221","Administrative officers","Agents/agentes d'administration","","",4
"1222","Executive assistants","Adjoints/adjointes de direction","","",4
"1223","Human resources and recruitment officers","Agents/agentes des ressources humaines et de recrutement","","",4
"1224","Property administrators","Agents/agentes de gestion immobilière","","",4
"1225","Purchasing agents and officers","Agents/agentes aux achats","","",4
"1226","Conference and event planners","Planificateurs/planificatrices de congrès et d'événements","","",4
"1227","Court officers and justices of the peace","Juges de paix et officiers/officières de justice","","",4
"1228","Employment insurance, immigration, border services and revenue officers","Agents/agentes d'assurance-emploi, d'immigration, de services frontaliers et du revenu","","",4
"124","Office administrative assistants - general, legal and medical","Adjoints administratifs/adjointes administratives de bureau - général, juridique et médical","","",3
"1241","Administrative assistants","Adjoints administratifs/adjointes administratives","","",4
"1242","Legal administrative assistants","Adjoints administratifs juridiques/adjointes administratives juridiques","","",4
"1243","Medical administrative assistants","Adjoints administratifs médicaux/adjointes administratives médicales","","",4
"125","Court reporters, transcriptionists, records management technicians and statistical officers","Sténographes judiciaires, transcripteurs/transcriptrices, techniciens/techniciennes à la gestion des documents et agents/agentes de statistiques","","",3
"1251","Court reporters, medical transcriptionists and related occupations","Sténographes judiciaires, transcripteurs médicaux/transcriptrices médicales et personnel assimilé","","",4
"1252","Health information management occupations","Professionnels/professionnelles de la gestion de l'information sur la santé","","",4
"1253","Records management technicians","Techniciens/techniciennes à la gestion des documents","","",4
"1254","Statistical officers and related research support occupations","Agents/agentes de statistiques et professions connexes du soutien de la recherche","","",4
"13","Finance, insurance and related business administrative occupations","Personnel en finance, assurance et personnel assimilé en administration des affaires","","",2
"131","Finance, insurance and related business administrative occupations","Personnel en finance, assurance et personnel assimilé en administration des affaires","","",3
"1311","Accounting technicians and bookkeepers","Techniciens/techniciennes en comptabilité et teneurs/teneuses de livres","","",4
"1312","Insurance adjusters and claims examiners","Experts/expertes en sinistres et rédacteurs/rédactrices sinistres","","",4
"1313","Insurance underwriters","Assureurs/assureures","","",4
"1314","Assessors, valuators and appraisers","Estimateurs/estimatrices et évaluateurs/évaluatrices","","",4
"1315","Customs, ship and other brokers","Courtiers/courtières en douanes, courtiers maritimes/courtières maritimes et autres courtiers/courtières","","",4
"14","Office support occupations","Personnel de soutien de bureau","","",2
"141","General office workers","Personnel au travail général de bureau","","",3
"1411","General office support workers","Employés de soutien de bureau généraux/employées de soutien de bureau générales","","",4
"1414","Receptionists","Réceptionnistes","","",4
"1415","Personnel clerks","Commis des services du personnel","","",4
"1416","Court clerks","Commis des services judiciaires","","",4
"142","Office equipment operators","Commis en bureautique et en éditique","","",3
"1422","Data entry clerks","Commis à la saisie de données","","",4
"1423","Desktop publishing operators and related occupations","Opérateurs/opératrices d'équipement d'éditique et personnel assimilé","","",4
"143","Financial, insurance and related administrative support workers","Finance, assurance et personnel de soutien administratif","","",3
"1431","Accounting and related clerks","Commis à la comptabilité et personnel assimilé","","",4
"1432","Payroll clerks","Commis à la paye","","",4
"1434","Banking, insurance and other financial clerks","Commis de banque, d'assurance et d'autres services financiers","","",4
"1435","Collectors","Agents/agentes de recouvrement","","",4
"145","Library, correspondence and other clerks","Commis de bibliothèque, de correspondance et autres commis","","",3
"1451","Library assistants and clerks","Commis et assistants/assistantes dans les bibliothèques","","",4
"1452","Correspondence, publication and regulatory clerks","Correspondanciers/correspondancières et commis aux publications et aux règlements","","",4
"1454","Survey interviewers and statistical clerks","Intervieweurs/intervieweuses pour enquêtes et commis aux statistiques","","",4
"15","Distribution, tracking and scheduling co-ordination occupations","Personnel de coordination de la distribution, du suivi et des horaires","","",2
"151","Mail and message distribution occupations","Personnel au courrier et à la distribution de messages","","",3
"1511","Mail, postal and related workers","Commis au courrier et aux services postaux et personnel assimilé","","",4
"1512","Letter carriers","Facteurs/factrices","","",4
"1513","Couriers, messengers and door-to-door distributors","Messagers/messagères et distributeurs/distributrices porte-à-porte","","",4
"152","Supply chain logistics, tracking and scheduling co-ordination occupations","Personnel en logistiques de chaîne d'approvisionnement, en suivi et en coordination d'horaires","","",3
"1521","Shippers and receivers","Expéditeurs/expéditrices et réceptionnaires","","",4
"1522","Storekeepers and partspersons","Magasiniers/magasinières et commis aux pièces","","",4
"1523","Production logistics co-ordinators","Coordonnateurs/coordonnatrices de la logistique de la production","","",4
"1524","Purchasing and inventory control workers","Commis aux achats et au contrôle de l'inventaire","","",4
"1525","Dispatchers","Répartiteurs/répartitrices","","",4
"1526","Transportation route and crew schedulers","Horairistes de trajets et d'équipages","","",4
"2","Natural and applied sciences and related occupations","Sciences naturelles et appliquées et domaines apparentés","","",1
"21","Professional occupations in natural and applied sciences","Personnel professionnel des sciences naturelles et appliquées","","",2
"211","Physical science professionals","Professionnels/professionnelles des sciences physiques","","",3
"2111","Physicists and astronomers","Physiciens/physiciennes et astronomes","","",4
"2112","Chemists","Chimistes","","",4
"2113","Geoscientists and oceanographers","Géoscientifiques et océanographes","","",4
"2114","Meteorologists and climatologists","Météorologues et climatologues","","",4
"2115","Other professional occupations in physical sciences","Autres professionnels/professionnelles des sciences physiques","","",4
"212","Life science professionals","Professionnels/professionnelles des sciences de la vie","","",3
"2121","Biologists and related scientists","Biologistes et personnel scientifique assimilé","","",4
"2122","Forestry professionals","Professionnels/professionnelles des sciences forestières","","",4
"2123","Agricultural representatives, consultants and specialists","Agronomes, conseillers/conseillères et spécialistes en agriculture","","",4
"213","Civil, mechanical, electrical and chemical engineers","Professionnels/professionnelles en génie civil, mécanique, électrique et chimique","","",3
"2131","Civil engineers","Ingénieurs civils/ingénieures civiles","","",4
"2132","Mechanical engineers","Ingénieurs mécaniciens/ingénieures mécaniciennes","","",4
"2133","Electrical and electronics engineers","Ingénieurs électriciens et électroniciens/ingénieures électriciennes et électroniciennes","","",4
"2134","Chemical engineers","Ingénieurs chimistes/ingénieures chimistes","","",4
"214","Other engineers","Autres professionnels/professionnelles en génie","","",3
"2141","Industrial and manufacturing engineers","Ingénieurs/ingénieures d'industrie et de fabrication","","",4
"2142","Metallurgical and materials engineers","Ingénieurs/ingénieures métallurgistes et des matériaux","","",4
"2143","Mining engineers","Ingénieurs miniers/ingénieures minières","","",4
"2144","Geological engineers","Ingénieurs géologues/ingénieures géologues","","",4
"2145","Petroleum engineers","Ingénieurs/ingénieures de l'extraction et du raffinage du pétrole","","",4
"2146","Aerospace engineers","Ingénieurs/ingénieures en aérospatiale","","",4
"2147","Computer engineers (except software engineers and designers)","Ingénieurs informaticiens/ingénieures informaticiennes (sauf ingénieurs/ingénieures et concepteurs/conceptrices en logiciel)","","",4
"2148","Other professional engineers, n.e.c.","Autres ingénieurs/ingénieures, n.c.a.","","",4
"215","Architects, urban planners and land surveyors","Professionnels/professionnelles en architecture, en urbanisme et en arpentage","","",3
"2151","Architects","Architectes","","",4
"2152","Landscape architects","Architectes paysagistes","","",4
"2153","Urban and land use planners","Urbanistes et planificateurs/planificatrices de l'utilisation des sols","","",4
"2154","Land surveyors","Arpenteurs-géomètres/arpenteuses-géomètres","","",4
"216","Mathematicians, statisticians and actuaries","Mathématiciens/mathématiciennes, statisticiens/statisticiennes et actuaires","","",3
"2161","Mathematicians, statisticians and actuaries","Mathématiciens/mathématiciennes, statisticiens/statisticiennes et actuaires","","",4
"217","Computer and information systems professionals","Professionnels/professionnelles en informatique","","",3
"2171","Information systems analysts and consultants","Analystes et consultants/consultantes en informatique","","",4
"2172","Database analysts and data administrators","Analystes de bases de données et administrateurs/administratrices de données","","",4
"2173","Software engineers and designers","Ingénieurs/ingénieures et concepteurs/conceptrices en logiciel","","",4
"2174","Computer programmers and interactive media developers","Programmeurs/programmeuses et développeurs/développeuses en médias interactifs","","",4
"2175","Web designers and developers","Concepteurs/conceptrices et développeurs/développeuses Web","","",4
"22","Technical occupations related to natural and applied sciences","Personnel technique assimilé aux sciences naturelles et appliquées","","",2
"221","Technical occupations in physical sciences","Personnel technique des sciences physiques","","",3
"2211","Chemical technologists and technicians","Technologues et techniciens/techniciennes en chimie","","",4
"2212","Geological and mineral technologists and technicians","Technologues et techniciens/techniciennes en géologie et en minéralogie","","",4
"222","Technical occupations in life sciences","Personnel technique des sciences de la vie","","",3
"2221","Biological technologists and technicians","Technologues et techniciens/techniciennes en biologie","","",4
"2222","Agricultural and fish products inspectors","Inspecteurs/inspectrices des produits agricoles et de la pêche","","",4
"2223","Forestry technologists and technicians","Technologues et techniciens/techniciennes en sciences forestières","","",4
"2224","Conservation and fishery officers","Techniciens/techniciennes du milieu naturel et de la pêche","","",4
"2225","Landscape and horticulture technicians and specialists","Techniciens/techniciennes et spécialistes de l'aménagement paysager et de l'horticulture","","",4
"223","Technical occupations in civil, mechanical and industrial engineering","Personnel technique en génie civil, mécanique et industriel","","",3
"2231","Civil engineering technologists and technicians","Technologues et techniciens/techniciennes en génie civil","","",4
"2232","Mechanical engineering technologists and technicians","Technologues et techniciens/techniciennes en génie mécanique","","",4
"2233","Industrial engineering and manufacturing technologists and technicians","Technologues et techniciens/techniciennes en génie industriel et en génie de fabrication","","",4
"2234","Construction estimators","Estimateurs/estimatrices en construction","","",4
"224","Technical occupations in electronics and electrical engineering","Personnel technique en génie électronique et électrique","","",3
"2241","Electrical and electronics engineering technologists and technicians","Technologues et techniciens/techniciennes en génie électronique et électrique","","",4
"2242","Electronic service technicians (household and business equipment)","Électroniciens/électroniciennes d'entretien (biens domestiques et commerciaux)","","",4
"2243","Industrial instrument technicians and mechanics","Techniciens/techniciennes et mécaniciens/mécaniciennes d'instruments industriels","","",4
"2244","Aircraft instrument, electrical and avionics mechanics, technicians and inspectors","Mécaniciens/mécaniciennes, techniciens/techniciennes et contrôleurs/contrôleuses d'avionique et d'instruments et d'appareillages électriques d'aéronefs","","",4
"225","Technical occupations in architecture, drafting, surveying, geomatics and meteorology","Personnel technique en architecture, en dessin, en arpentage, en géomatique et en météorologie","","",3
"2251","Architectural technologists and technicians","Technologues et techniciens/techniciennes en architecture","","",4
"2252","Industrial designers","Designers industriels/designers industrielles","","",4
"2253","Drafting technologists and technicians","Technologues et techniciens/techniciennes en dessin","","",4
"2254","Land survey technologists and technicians","Technologues et techniciens/techniciennes en arpentage","","",4
"2255","Technical occupations in geomatics and meteorology","Personnel technique en géomatique et en météorologie","","",4
"226","Other technical inspectors and regulatory officers","Autres contrôleurs/contrôleuses techniques et officiers/officières de réglementation","","",3
"2261","Non-destructive testers and inspection technicians","Vérificateurs/vérificatrices et essayeurs/essayeuses des essais non destructifs","","",4
"2262","Engineering inspectors and regulatory officers","Inspecteurs/inspectrices d'ingénierie et officiers/officières de réglementation","","",4
"2263","Inspectors in public and environmental health and occupational health and safety","Inspecteurs/inspectrices de la santé publique, de l'environnement et de l'hygiène et de la sécurité au travail","","",4
"2264","Construction inspectors","Inspecteurs/inspectrices en construction","","",4
"227","Transportation officers and controllers","Officiers/officières et contrôleurs/contrôleuses des services de transport","","",3
"2271","Air pilots, flight engineers and flying instructors","Pilotes, navigateurs/navigatrices et instructeurs/instructrices de pilotage du transport aérien","","",4
"2272","Air traffic controllers and related occupations","Contrôleurs aériens/contrôleuses aériennes et personnel assimilé","","",4
"2273","Deck officers, water transport","Officiers/officières de pont du transport par voies navigables","","",4
"2274","Engineer officers, water transport","Officiers mécaniciens/officières mécaniciennes du transport par voies navigables","","",4
"2275","Railway traffic controllers and marine traffic regulators","Contrôleurs/contrôleuses de la circulation ferroviaire et régulateurs/régulatrices de la circulation maritime","","",4
"228","Technical occupations in computer and information systems","Personnel technique en informatique","","",3
"2281","Computer network technicians","Techniciens/techniciennes de réseau informatique","","",4
"2282","User support technicians","Agents/agentes de soutien aux utilisateurs","","",4
"2283","Information systems testing technicians","Évaluateurs/évaluatrices de systèmes informatiques","","",4
"3","Health occupations","Secteur de la santé","","",1
"30","Professional occupations in nursing","Personnel professionnel en soins infirmiers","","",2
"301","Professional occupations in nursing","Personnel professionnel en soins infirmiers","","",3
"3011","Nursing co-ordinators and supervisors","Coordonnateurs/coordonnatrices et superviseurs/superviseures des soins infirmiers","","",4
"3012","Registered nurses and registered psychiatric nurses","Infirmiers autorisés/infirmières autorisées et infirmiers psychiatriques autorisés/infirmières psychiatriques autorisées","","",4
"31","Professional occupations in health (except nursing)","Personnel professionnel des soins de santé (sauf soins infirmiers)","","",2
"311","Physicians, dentists and veterinarians","Médecins, dentistes et vétérinaires","","",3
"3111","Specialist physicians","Médecins spécialistes","","",4
"3112","General practitioners and family physicians","Omnipraticiens/omnipraticiennes et médecins en médecine familiale","","",4
"3113","Dentists","Dentistes","","",4
"3114","Veterinarians","Vétérinaires","","",4
"312","Optometrists, chiropractors and other health diagnosing and treating professionals","Optométristes, chiropraticiens/chiropraticiennes et autres professionnels/professionnelles en diagnostic et en traitement de la santé","","",3
"3121","Optometrists","Optométristes","","",4
"3122","Chiropractors","Chiropraticiens/chiropraticiennes","","",4
"3124","Allied primary health practitioners","Praticiens/praticiennes reliés en soins de santé primaire","","",4
"3125","Other professional occupations in health diagnosing and treating","Autres professionnels/professionnelles en diagnostic et en traitement de la santé","","",4
"313","Pharmacists, dietitians and nutritionists","Pharmaciens/pharmaciennes, diététistes et nutritionnistes","","",3
"3131","Pharmacists","Pharmaciens/pharmaciennes","","",4
"3132","Dietitians and nutritionists","Diététistes et nutritionnistes","","",4
"314","Therapy and assessment professionals","Professionnels/professionnelles en thérapie et en évaluation","","",3
"3141","Audiologists and speech-language pathologists","Audiologistes et orthophonistes","","",4
"3142","Physiotherapists","Physiothérapeutes","","",4
"3143","Occupational therapists","Ergothérapeutes","","",4
"3144","Other professional occupations in therapy and assessment","Autres professionnels/professionnelles en thérapie et en diagnostic","","",4
"32","Technical occupations in health","Personnel technique des soins de santé","","",2
"321","Medical technologists and technicians (except dental health)","Technologues et techniciens/techniciennes des sciences de la santé (sauf soins dentaires)","","",3
"3211","Medical laboratory technologists","Technologues de laboratoires médicaux","","",4
"3212","Medical laboratory technicians and pathologists' assistants","Techniciens/techniciennes de laboratoire médical et assistants/assistantes en pathologie","","",4
"3213","Animal health technologists and veterinary technicians","Technologues en santé animale et techniciens/techniciennes vétérinaires","","",4
"3214","Respiratory therapists, clinical perfusionists and cardiopulmonary technologists","Inhalothérapeutes, perfusionnistes cardiovasculaires et technologues cardiopulmonaires","","",4
"3215","Medical radiation technologists","Technologues en radiation médicale","","",4
"3216","Medical sonographers","Technologues en échographie","","",4
"3217","Cardiology technologists and electrophysiological diagnostic technologists, n.e.c.","Technologues en cardiologie et technologues en électrophysiologie diagnostique, n.c.a.","","",4
"3219","Other medical technologists and technicians (except dental health)","Autres technologues et techniciens/techniciennes des sciences de la santé (sauf soins dentaires)","","",4
"322","Technical occupations in dental health care","Personnel technique en soins dentaires","","",3
"3221","Denturists","Denturologistes","","",4
"3222","Dental hygienists and dental therapists","Hygiénistes et thérapeutes dentaires","","",4
"3223","Dental technologists, technicians and laboratory assistants","Technologues et techniciens/techniciennes dentaires et auxiliaires dans les laboratoires dentaires","","",4
"323","Other technical occupations in health care","Personnel technique en soins de santé","","",3
"3231","Opticians","Opticiens/opticiennes d'ordonnances","","",4
"3232","Practitioners of natural healing","Praticiens/praticiennes des médecines douces","","",4
"3233","Licensed practical nurses","Infirmiers auxiliaires/infirmières auxiliaires","","",4
"3234","Paramedical occupations","Personnel ambulancier et paramédical","","",4
"3236","Massage therapists","Massothérapeutes","","",4
"3237","Other technical occupations in therapy and assessment","Autre personnel technique en thérapie et en diagnostic","","",4
"34","Assisting occupations in support of health services","Personnel de soutien des services de santé","","",2
"341","Assisting occupations in support of health services","Personnel de soutien des services de santé","","",3
"3411","Dental assistants","Assistants/assistantes dentaires","","",4
"3413","Nurse aides, orderlies and patient service associates","Aides-infirmiers/aides-infirmières, aides-soignants/aides-soignantes et préposés/préposées aux bénéficiaires","","",4
"3414","Other assisting occupations in support of health services","Autre personnel de soutien des services de santé","","",4
"4","Occupations in education, law and social, community and government services","Enseignement, droit et services sociaux, communautaires et gouvernementaux","","",1
"40","Professional occupations in education services","Personnel professionnel en services d'enseignement","","",2
"401","University professors and post-secondary assistants","Professeurs/professeures d'université et assistants/assistantes d'enseignement au niveau postsecondaire","","",3
"4011","University professors and lecturers","Professeurs/professeures et chargés/chargées de cours au niveau universitaire","","",4
"4012","Post-secondary teaching and research assistants","Assistants/assistantes d'enseignement et de recherche au niveau postsecondaire","","",4
"402","College and other vocational instructors","Enseignants/enseignantes au niveau collégial et autres instructeurs/instructrices en formation professionnelle","","",3
"4021","College and other vocational instructors","Enseignants/enseignantes au niveau collégial et autres instructeurs/instructrices en formation professionnelle","","",4
"403","Secondary and elementary school teachers and educational counsellors","Enseignants/enseignantes aux niveaux secondaire, primaire et préscolaire et conseillers/conseillères d'orientation","","",3
"4031","Secondary school teachers","Enseignants/enseignantes au niveau secondaire","","",4
"4032","Elementary school and kindergarten teachers","Enseignants/enseignantes aux niveaux primaire et préscolaire","","",4
"4033","Educational counsellors","Conseillers/conseillères en information scolaire","","",4
"41","Professional occupations in law and social, community and government services","Personnel professionnel du droit et des services gouvernementaux, sociaux et communautaires","","",2
"411","Judges, lawyers and Quebec notaries","Juges, avocats/avocates (partout au Canada) et notaires (au Québec)","","",3
"4111","Judges","Juges","","",4
"4112","Lawyers and Quebec notaries","Avocats/avocates (partout au Canada) et notaires (au Québec)","","",4
"415","Social and community service professionals","Professionnels/professionnelles des services sociaux et communautaires","","",3
"4151","Psychologists","Psychologues","","",4
"4152","Social workers","Travailleurs sociaux/travailleuses sociales","","",4
"4153","Family, marriage and other related counsellors","Thérapeutes conjugaux/thérapeutes conjugales, thérapeutes familiaux/thérapeutes familiales et autres conseillers assimilés/conseillères assimilées","","",4
"4154","Professional occupations in religion","Personnel professionnel relié à la religion","","",4
"4155","Probation and parole officers and related occupations","Agents/agentes de probation et de libération conditionnelle et personnel assimilé","","",4
"4156","Employment counsellors","Conseillers/conseillères en emploi","","",4
"416","Policy and program researchers, consultants and officers","Recherchistes, experts-conseils/expertes-conseils et agents/agentes des politiques et des programmes","","",3
"4161","Natural and applied science policy researchers, consultants and program officers","Recherchistes, experts-conseils/expertes-conseils et agents/agentes de programmes, en sciences naturelles et appliquées","","",4
"4162","Economists and economic policy researchers and analysts","Économistes, recherchistes et analystes des politiques économiques","","",4
"4163","Business development officers and marketing researchers and consultants","Agents/agentes de développement économique, recherchistes et experts-conseils/expertes-conseils en marketing","","",4
"4164","Social policy researchers, consultants and program officers","Recherchistes, experts-conseils/expertes-conseils et agents/agentes de programmes en politiques sociales","","",4
"4165","Health policy researchers, consultants and program officers","Recherchistes, experts-conseils/expertes-conseils et agents/agentes de programmes en politiques de la santé","","",4
"4166","Education policy researchers, consultants and program officers","Recherchistes, experts-conseils/expertes-conseils et agents/agentes de programmes en politiques de l'enseignement","","",4
"4167","Recreation, sports and fitness policy researchers, consultants and program officers","Recherchistes, experts-conseils/expertes-conseils et agents/agentes de programme en sports, en loisirs et en conditionnement physique","","",4
"4168","Program officers unique to government","Agents/agentes de programmes propres au gouvernement","","",4
"4169","Other professional occupations in social science, n.e.c.","Autres professionnels/professionnelles des sciences sociales, n.c.a.","","",4
"42","Paraprofessional occupations in legal, social, community and education services","Personnel paraprofessionnel des services juridiques, sociaux, communautaires et de l'enseignement","","",2
"421","Paraprofessional occupations in legal, social, community and education services","Personnel paraprofessionnel des services juridiques, sociaux, communautaires et de l'enseignement","","",3
"4211","Paralegal and related occupations","Techniciens/techniciennes juridiques et personnel assimilé","","",4
"4212","Social and community service workers","Travailleurs/travailleuses des services sociaux et communautaires","","",4
"4214","Early childhood educators and assistants","Éducateurs/éducatrices et aides-éducateurs/aides-éducatrices de la petite enfance","","",4
"4215","Instructors of persons with disabilities","Instructeurs/instructrices pour personnes ayant une déficience","","",4
"4216","Other instructors","Autres instructeurs/instructrices","","",4
"4217","Other religious occupations","Autre personnel relié à la religion","","",4
"43","Occupations in front-line public protection services","Personnel des services de protection public de première ligne","","",2
"431","Occupations in front-line public protection services","Personnel des services de protection public de première ligne","","",3
"4311","Police officers (except commissioned)","Policiers/policières (sauf cadres supérieurs)","","",4
"4312","Firefighters","Pompiers/pompières","","",4
"4313","Non-commissioned ranks of the Canadian Forces","Sous-officiers/sous-officières des Forces canadiennes","","",4
"44","Care providers and educational, legal and public protection support occupations","Dispensateurs/dispensatrices de soins et personnel de soutien en enseignement, en droit et en protection publique","","",2
"441","Home care providers and educational support occupations","Dispensateurs/dispensatrices de soins en milieu familial et personnel de soutien en enseignement","","",3
"4411","Home child care providers","Gardiens/gardiennes d'enfants en milieu familial","","",4
"4412","Home support workers, housekeepers and related occupations","Aides familiaux résidents/aides familiales résidentes, aides de maintien à domicile et personnel assimilé","","",4
"4413","Elementary and secondary school teacher assistants","Aides-enseignants/aides-enseignantes aux niveaux primaire et secondaire","","",4
"442","Legal and public protection support occupations","Personnel juridique et de soutien des services de protection public","","",3
"4421","Sheriffs and bailiffs","Shérifs et huissiers/huissières de justice","","",4
"4422","Correctional service officers","Agents/agentes de services correctionnels","","",4
"4423","By-law enforcement and other regulatory officers, n.e.c.","Agents/agentes d'application de règlements municipaux et autres agents/agentes de réglementation, n.c.a.","","",4
"5","Occupations in art, culture, recreation and sport","Arts, culture, sports et loisirs","","",1
"51","Professional occupations in art and culture","Personnel professionnel des arts et de la culture","","",2
"511","Librarians, archivists, conservators and curators","Professionnels/professionnelles des bibliothèques, des archives, des musées et des galeries d'art","","",3
"5111","Librarians","Bibliothécaires","","",4
"5112","Conservators and curators","Restaurateurs/restauratrices et conservateurs/conservatrices","","",4
"5113","Archivists","Archivistes","","",4
"512","Writing, translating and related communications professionals","Professionnels/professionnelles de la rédaction, de la traduction et personnel professionnel assimilé des communications","","",3
"5121","Authors and writers","Auteurs/auteures, rédacteurs/rédactrices et écrivains/écrivaines","","",4
"5122","Editors","Réviseurs/réviseures, rédacteurs-réviseurs/rédactrices-réviseures et chefs du service des nouvelles","","",4
"5123","Journalists","Journalistes","","",4
"5125","Translators, terminologists and interpreters","Traducteurs/traductrices, terminologues et interprètes","","",4
"513","Creative and performing artists","Professionnels/professionnelles des arts plastiques et des arts de la scène","","",3
"5131","Producers, directors, choreographers and related occupations","Producteurs/productrices, réalisateurs/réalisatrices, chorégraphes et personnel assimilé","","",4
"5132","Conductors, composers and arrangers","Chefs d'orchestre, compositeurs/compositrices et arrangeurs/arrangeuses","","",4
"5133","Musicians and singers","Musiciens/musiciennes et chanteurs/chanteuses","","",4
"5134","Dancers","Danseurs/danseuses","","",4
"5135","Actors and comedians","Acteurs/actrices et comédiens/comédiennes","","",4
"5136","Painters, sculptors and other visual artists","Peintres, sculpteurs/sculpteures et autres artistes des arts visuels","","",4
"52","Technical occupations in art, culture, recreation and sport","Personnel technique des arts, de la culture, des sports et des loisirs","","",2
"521","Technical occupations in libraries, public archives, museums and art galleries","Personnel technique des bibliothèques, des archives publiques, des musées et des galeries d'art","","",3
"5211","Library and public archive technicians","Techniciens/techniciennes dans les bibliothèques et les services d'archives publiques","","",4
"5212","Technical occupations related to museums and art galleries","Personnel technique des musées et des galeries d'art","","",4
"522","Photographers, graphic arts technicians and technical and co-ordinating occupations in motion pictures, broadcasting and the performing arts","Photographes, techniciens/techniciennes en graphisme et personnel technique et personnel de coordination du cinéma, de la radiotélédiffusion et des arts de la scène","","",3
"5221","Photographers","Photographes","","",4
"5222","Film and video camera operators","Cadreurs/cadreuses de films et cadreurs/cadreuses vidéo","","",4
"5223","Graphic arts technicians","Techniciens/techniciennes en graphisme","","",4
"5224","Broadcast technicians","Techniciens/techniciennes en radiotélédiffusion","","",4
"5225","Audio and video recording technicians","Techniciens/techniciennes en enregistrement audio et vidéo","","",4
"5226","Other technical and co-ordinating occupations in motion pictures, broadcasting and the performing arts","Autre personnel technique et personnel de coordination du cinéma, de la radiotélédiffusion et des arts de la scène","","",4
"5227","Support occupations in motion pictures, broadcasting, photography and the performing arts","Personnel de soutien du cinéma, de la radiotélédiffusion, de la photographie et des arts de la scène","","",4
"523","Announcers and other performers, n.e.c.","Annonceurs/annonceures et autres artistes de spectacle, n.c.a.","","",3
"5231","Announcers and other broadcasters","Annonceurs/annonceures et autres communicateurs/communicatrices de la radio et de la télévision","","",4
"5232","Other performers, n.e.c.","Autres artistes de spectacle, n.c.a.","","",4
"524","Creative designers and craftspersons","Concepteurs/conceptrices artistiques et artisans/artisanes","","",3
"5241","Graphic designers and illustrators","Designers graphiques et illustrateurs/illustratrices","","",4
"5242","Interior designers and interior decorators","Designers d'intérieur et décorateurs/décoratrices d'intérieur","","",4
"5243","Theatre, fashion, exhibit and other creative designers","Ensembliers/ensemblières de théâtre, dessinateurs/dessinatrices de mode, concepteurs/conceptrices d'expositions et autres concepteurs/conceptrices artistiques","","",4
"5244","Artisans and craftspersons","Artisans/artisanes","","",4
"5245","Patternmakers - textile, leather and fur products","Patronniers/patronnières de produits textiles et d'articles en cuir et en fourrure","","",4
"525","Athletes, coaches, referees and related occupations","Athlètes, entraîneurs/entraîneuses, arbitres et personnel assimilé des sports et des loisirs","","",3
"5251","Athletes","Athlètes","","",4
"5252","Coaches","Entraîneurs/entraîneuses","","",4
"5253","Sports officials and referees","Arbitres et officiels/officielles de sports","","",4
"5254","Program leaders and instructors in recreation, sport and fitness","Animateurs/animatrices et responsables de programmes de sports, de loisirs et de conditionnement physique","","",4
"6","Sales and service occupations","Vente et services","","",1
"62","Retail sales supervisors and specialized sales occupations","Personnel de supervision des ventes au détail et personnel des ventes spécialisées","","",2
"621","Retail sales supervisors","Superviseurs/superviseures des ventes - commerce de détail","","",3
"6211","Retail sales supervisors","Superviseurs/superviseures des ventes - commerce de détail","","",4
"622","Technical sales specialists in wholesale trade and retail and wholesale buyers","Personnel technique spécialisé du commerce de gros et acheteurs/acheteuses du commerce de détail et de gros","","",3
"6221","Technical sales specialists - wholesale trade","Spécialistes des ventes techniques - commerce de gros","","",4
"6222","Retail and wholesale buyers","Acheteurs/acheteuses des commerces de détail et de gros","","",4
"623","Insurance, real estate and financial sales occupations","Personnel de l'assurance, de l'immobilier et des ventes financières","","",3
"6231","Insurance agents and brokers","Agents/agentes et courtiers/courtières d'assurance","","",4
"6232","Real estate agents and salespersons","Agents/agentes et vendeurs/vendeuses en immobilier","","",4
"6235","Financial sales representatives","Représentants/représentantes des ventes financières","","",4
"63","Service supervisors and specialized service occupations","Personnel de supervision en services et personnel de services spécialisés","","",2
"631","Service supervisors","Superviseurs/superviseures de services","","",3
"6311","Food service supervisors","Superviseurs/superviseures des services alimentaires","","",4
"6312","Executive housekeepers","Gouvernants principaux/gouvernantes principales","","",4
"6313","Accommodation, travel, tourism and related services supervisors","Superviseurs/superviseures des services d'hébergement, de voyages, de tourisme et des services connexes","","",4
"6314","Customer and information services supervisors","Superviseurs/superviseures des services d'information et des services à la clientèle","","",4
"6315","Cleaning supervisors","Surveillants/surveillantes des services de nettoyage","","",4
"6316","Other services supervisors","Surveillants/surveillantes des autres services","","",4
"632","Chefs and cooks","Chefs et cuisiniers/cuisinières","","",3
"6321","Chefs","Chefs","","",4
"6322","Cooks","Cuisiniers/cuisinières","","",4
"633","Butchers and bakers","Bouchers/bouchères et boulangers-pâtissiers/boulangères-pâtissières","","",3
"6331","Butchers, meat cutters and fishmongers - retail and wholesale","Bouchers/bouchères, coupeurs/coupeuses de viande et poissonniers/poissonnières - commerce de gros et de détail","","",4
"6332","Bakers","Boulangers-pâtissiers/boulangères-pâtissières","","",4
"634","Specialized occupations in personal and customer services","Personnel spécialisé en services personnels et en service à la clientèle","","",3
"6341","Hairstylists and barbers","Coiffeurs/coiffeuses et barbiers/barbières","","",4
"6342","Tailors, dressmakers, furriers and milliners","Tailleurs/tailleuses, couturiers/couturières, fourreurs/fourreuses et modistes","","",4
"6343","Shoe repairers and shoemakers","Cordonniers/cordonnières et fabricants/fabricantes de chaussures","","",4
"6344","Jewellers, jewellery and watch repairers and related occupations","Bijoutiers/bijoutières, réparateurs/réparatrices de bijoux, horlogers-rhabilleurs/horlogères-rhabilleuses et personnel assimilé","","",4
"6345","Upholsterers","Tapissiers-garnisseurs/tapissières-garnisseuses","","",4
"6346","Funeral directors and embalmers","Directeurs/directrices de funérailles et embaumeurs/embaumeuses","","",4
"64","Sales representatives and salespersons - wholesale and retail trade","Représentants/représentantes des ventes et vendeurs/vendeuses - commerce de gros et de détail","","",2
"641","Sales and account representatives - wholesale trade (non-technical)","Représentants/représentantes des ventes et des comptes - commerce de gros (non-technique)","","",3
"6411","Sales and account representatives - wholesale trade (non-technical)","Représentants/représentantes des ventes et des comptes - commerce de gros (non-technique)","","",4
"642","Retail salespersons","Vendeurs/vendeuses - commerce de détail","","",3
"6421","Retail salespersons","Vendeurs/vendeuses - commerce de détail","","",4
"65","Service representatives and other customer and personal services occupations","Représentants/représentantes de services et autre personnel de services à la clientèle et personnalisés","","",2
"651","Occupations in food and beverage service","Personnel des services des aliments et des boissons","","",3
"6511","Maîtres d'hôtel and hosts/hostesses","Maîtres d'hôtel et hôtes/hôtesses","","",4
"6512","Bartenders","Barmans/barmaids","","",4
"6513","Food and beverage servers","Serveurs/serveuses d'aliments et de boissons","","",4
"652","Occupations in travel and accommodation","Personnel de l'hébergement et des voyages","","",3
"6521","Travel counsellors","Conseillers/conseillères en voyages","","",4
"6522","Pursers and flight attendants","Commissaires et agents/agentes de bord","","",4
"6523","Airline ticket and service agents","Agents/agentes à la billetterie et aux services aériens","","",4
"6524","Ground and water transport ticket agents, cargo service representatives and related clerks","Agents/agentes à la billetterie, représentants/représentantes du service en matière de fret et personnel assimilé dans le transport routier et maritime","","",4
"6525","Hotel front desk clerks","Réceptionnistes d'hôtel","","",4
"653","Tourism and amusement services occupations","Personnel des services de tourisme et de loisirs","","",3
"6531","Tour and travel guides","Guides touristiques et guides itinérants/guides itinérantes","","",4
"6532","Outdoor sport and recreational guides","Guides d'activités récréatives et sportives de plein air","","",4
"6533","Casino occupations","Personnel préposé au jeu dans les casinos","","",4
"654","Security guards and related security service occupations","Agents/agentes de sécurité et personnel assimilé des services de sécurité","","",3
"6541","Security guards and related security service occupations","Agents/agentes de sécurité et personnel assimilé des services de sécurité","","",4
"655","Customer and information services representatives","Représentants/représentantes du service à la clientèle et de l'information","","",3
"6551","Customer services representatives - financial institutions","Représentants/représentantes au service à la clientèle - institutions financières","","",4
"6552","Other customer and information services representatives","Autres préposés/autres préposées aux services d'information et aux services à la clientèle","","",4
"656","Other occupations in personal service","Autre personnel des services personnels","","",3
"6561","Image, social and other personal consultants","Conseillers/conseillères imagistes, conseillers mondains/conseillères mondaines et autres conseillers/conseillères en soins personnalisés","","",4
"6562","Estheticians, electrologists and related occupations","Esthéticiens/esthéticiennes, électrolystes et personnel assimilé","","",4
"6563","Pet groomers and animal care workers","Soigneurs/soigneuses d'animaux et travailleurs/travailleuses en soins des animaux","","",4
"6564","Other personal service occupations","Autre personnel de services personnalisés","","",4
"66","Sales support occupations","Personnel de soutien des ventes","","",2
"661","Cashiers","Caissiers/caissières","","",3
"6611","Cashiers","Caissiers/caissières","","",4
"662","Other sales support and related occupations","Autre personnel de soutien aux ventes et personnel assimilé","","",3
"6621","Service station attendants","Préposés/préposées de stations-service","","",4
"6622","Store shelf stockers, clerks and order fillers","Garnisseurs/garnisseuses de tablettes, commis et préposés/préposées aux commandes dans les magasins","","",4
"6623","Other sales related occupations","Autre personnel assimilé des ventes","","",4
"67","Service support and other service occupations, n.e.c.","Personnel de soutien en service et autre personnel de service, n.c.a.","","",2
"671","Food counter attendants, kitchen helpers and related support occupations","Serveurs/serveuses au comptoir, aides de cuisine et personnel de soutien assimilé","","",3
"6711","Food counter attendants, kitchen helpers and related support occupations","Serveurs/serveuses au comptoir, aides de cuisine et personnel de soutien assimilé","","",4
"672","Support occupations in accommodation, travel and amusement services","Personnel de soutien en services d'hébergement, de voyage et de loisirs","","",3
"6721","Support occupations in accommodation, travel and facilities set-up services","Personnel de soutien en services d'hébergement, de voyage et en services de montage d'installation","","",4
"6722","Operators and attendants in amusement, recreation and sport","Opérateurs/opératrices et préposés/préposées aux sports, aux loisirs et dans les parcs d'attractions","","",4
"673","Cleaners","Nettoyeurs/nettoyeuses","","",3
"6731","Light duty cleaners","Préposés/préposées à l'entretien ménager et au nettoyage - travaux légers","","",4
"6732","Specialized cleaners","Nettoyeurs spécialisés/nettoyeuses spécialisées","","",4
"6733","Janitors, caretakers and building superintendents","Concierges et surintendants/surintendantes d'immeubles","","",4
"674","Other service support and related occupations, n.e.c.","Autres services de soutien et personnel assimilé, n.c.a.","","",3
"6741","Dry cleaning, laundry and related occupations","Personnel de blanchisseries et d'établissements de nettoyage à sec et personnel assimilé","","",4
"6742","Other service support occupations, n.e.c.","Autre personnel de soutien en service, n.c.a.","","",4
"7","Trades, transport and equipment operators and related occupations","Métiers, transport, machinerie et domaines apparentés","","",1
"72","Industrial, electrical and construction trades","Personnel des métiers de l'électricité, de la construction et des industries","","",2
"720","Contractors and supervisors, industrial, electrical and construction trades and related workers","Entrepreneurs/entrepreneuses et contremaîtres/contremaîtresses du personnel des métiers industriels, de la construction, de l'électricité et du personnel assimilé","","",3
"7201","Contractors and supervisors, machining, metal forming, shaping and erecting trades and related occupations","Entrepreneurs/entrepreneuses et contremaîtres/contremaîtresses des machinistes et du personnel des métiers du formage, du profilage et du montage des métaux et personnel assimilé","","",4
"7202","Contractors and supervisors, electrical trades and telecommunications occupations","Entrepreneurs/entrepreneuses et contremaîtres/contremaîtresses en électricité et en télécommunications","","",4
"7203","Contractors and supervisors, pipefitting trades","Entrepreneurs/entrepreneuses et contremaîtres/contremaîtresses en tuyauterie","","",4
"7204","Contractors and supervisors, carpentry trades","Entrepreneurs/entrepreneuses et contremaîtres/contremaîtresses en charpenterie","","",4
"7205","Contractors and supervisors, other construction trades, installers, repairers and servicers","Entrepreneurs/entrepreneuses et contremaîtres/contremaîtresses des autres métiers de la construction et des services de réparation et d'installation","","",4
"723","Machining, metal forming, shaping and erecting trades","Personnel des métiers d'usinage, du formage, du profilage et du montage du métal","","",3
"7231","Machinists and machining and tooling inspectors","Machinistes et vérificateurs/vérificatrices d'usinage et d'outillage","","",4
"7232","Tool and die makers","Outilleurs-ajusteurs/outilleuses-ajusteuses","","",4
"7233","Sheet metal workers","Tôliers/tôlières","","",4
"7234","Boilermakers","Chaudronniers/chaudronnières","","",4
"7235","Structural metal and platework fabricators and fitters","Assembleurs/assembleuses et ajusteurs/ajusteuses de plaques et de charpentes métalliques","","",4
"7236","Ironworkers","Monteurs/monteuses de charpentes métalliques","","",4
"7237","Welders and related machine operators","Soudeurs/soudeuses et opérateurs/opératrices de machines à souder et à braser","","",4
"724","Electrical trades and electrical power line and telecommunications workers","Électriciens/électriciennes et monteurs/monteuses de lignes d'électricité et de télécommunications","","",3
"7241","Electricians (except industrial and power system)","Électriciens/électriciennes (sauf électriciens industriels/électriciennes industrielles et de réseaux électriques)","","",4
"7242","Industrial electricians","Électriciens industriels/électriciennes industrielles","","",4
"7243","Power system electricians","Électriciens/électriciennes de réseaux électriques","","",4
"7244","Electrical power line and cable workers","Monteurs/monteuses de lignes électriques et de câbles","","",4
"7245","Telecommunications line and cable workers","Monteurs/monteuses de lignes et de câbles de télécommunications","","",4
"7246","Telecommunications installation and repair workers","Installateurs/installatrices et réparateurs/réparatrices de matériel de télécommunications","","",4
"7247","Cable television service and maintenance technicians","Techniciens/techniciennes en montage et en entretien d'installations de câblodistribution","","",4
"725","Plumbers, pipefitters and gas fitters","Plombiers/plombières, tuyauteurs/tuyauteuses et monteurs/monteuses d'installations au gaz","","",3
"7251","Plumbers","Plombiers/plombières","","",4
"7252","Steamfitters, pipefitters and sprinkler system installers","Tuyauteurs/tuyauteuses, monteurs/monteuses d'appareils de chauffage et poseurs/poseuses de gicleurs","","",4
"7253","Gas fitters","Monteurs/monteuses d'installations au gaz","","",4
"727","Carpenters and cabinetmakers","Charpentiers/charpentières et ébénistes","","",3
"7271","Carpenters","Charpentiers-menuisiers/charpentières-menuisières","","",4
"7272","Cabinetmakers","Ébénistes","","",4
"728","Masonry and plastering trades","Personnel de maçonnerie et de plâtrage","","",3
"7281","Bricklayers","Briqueteurs-maçons/briqueteuses-maçonnes","","",4
"7282","Concrete finishers","Finisseurs/finisseuses de béton","","",4
"7283","Tilesetters","Carreleurs/carreleuses","","",4
"7284","Plasterers, drywall installers and finishers and lathers","Plâtriers/plâtrières, poseurs/poseuses et finisseurs/finisseuses de systèmes intérieurs et latteurs/latteuses","","",4
"729","Other construction trades","Autre personnel des métiers de la construction","","",3
"7291","Roofers and shinglers","Couvreurs/couvreuses et poseurs/poseuses de bardeaux","","",4
"7292","Glaziers","Vitriers/vitrières","","",4
"7293","Insulators","Calorifugeurs/calorifugeuses","","",4
"7294","Painters and decorators (except interior decorators)","Peintres et décorateurs/décoratrices (sauf décorateurs/décoratrices d'intérieur)","","",4
"7295","Floor covering installers","Poseurs/poseuses de revêtements d'intérieur","","",4
"73","Maintenance and equipment operation trades","Personnel des métiers d'entretien et d'opération d'équipement","","",2
"730","Contractors and supervisors, maintenance trades and heavy equipment and transport operators","Entrepreneurs/entrepreneuses et contremaîtres/contremaîtresses du personnel des métiers d'entretien et des opérateurs d'équipement lourd et de transport","","",3
"7301","Contractors and supervisors, mechanic trades","Entrepreneurs/entrepreneuses et contremaîtres/contremaîtresses en mécanique","","",4
"7302","Contractors and supervisors, heavy equipment operator crews","Entrepreneurs/entrepreneuses et contremaîtres/contremaîtresses des équipes d'opérateurs d'équipement lourd","","",4
"7303","Supervisors, printing and related occupations","Surveillants/surveillantes de l'imprimerie et du personnel assimilé","","",4
"7304","Supervisors, railway transport operations","Surveillants/surveillantes des opérations du transport ferroviaire","","",4
"7305","Supervisors, motor transport and other ground transit operators","Surveillants/surveillantes du transport routier et du transport en commun","","",4
"731","Machinery and transportation equipment mechanics (except motor vehicle)","Mécaniciens/mécaniciennes de machinerie et d'équipement de transport (sauf véhicules automobiles)","","",3
"7311","Construction millwrights and industrial mechanics","Mécaniciens/mécaniciennes de chantier et mécaniciens industriels/mécaniciennes industrielles","","",4
"7312","Heavy-duty equipment mechanics","Mécaniciens/mécaniciennes d'équipement lourd","","",4
"7313","Refrigeration and air conditioning mechanics","Mécaniciens/mécaniciennes en réfrigération et en climatisation","","",4
"7314","Railway carmen/women","Réparateurs/réparatrices de wagons","","",4
"7315","Aircraft mechanics and aircraft inspectors","Mécaniciens/mécaniciennes et contrôleurs/contrôleuses d'aéronefs","","",4
"7316","Machine fitters","Ajusteurs/ajusteuses de machines","","",4
"7318","Elevator constructors and mechanics","Constructeurs/constructrices et mécaniciens/mécaniciennes d'ascenseurs","","",4
"732","Automotive service technicians","Mécaniciens/mécaniciennes de véhicules automobiles","","",3
"7321","Automotive service technicians, truck and bus mechanics and mechanical repairers","Mécaniciens/mécaniciennes et réparateurs/réparatrices de véhicules automobiles, de camions et d'autobus","","",4
"7322","Motor vehicle body repairers","Débosseleurs/débosseleuses et réparateurs/réparatrices de carrosserie","","",4
"733","Other mechanics and related repairers","Autres mécaniciens/mécaniciennes et réparateurs/réparatrices connexes","","",3
"7331","Oil and solid fuel heating mechanics","Installateurs/installatrices de brûleurs à l'huile et à combustibles solides","","",4
"7332","Appliance servicers and repairers","Réparateurs/réparatrices et préposés/préposées à l'entretien d'appareils","","",4
"7333","Electrical mechanics","Électromécaniciens/électromécaniciennes","","",4
"7334","Motorcycle, all-terrain vehicle and other related mechanics","Mécaniciens/mécaniciennes de motocyclettes, de véhicules tout-terrain et personnel mécanicien assimilé","","",4
"7335","Other small engine and small equipment repairers","Autres réparateurs/réparatrices de petits moteurs et de petits équipements","","",4
"736","Train crew operating occupations","Personnel des opérations du transport ferroviaire","","",3
"7361","Railway and yard locomotive engineers","Mécaniciens/mécaniciennes de locomotive et de cour de triage","","",4
"7362","Railway conductors and brakemen/women","Chefs de train et serre-freins","","",4
"737","Crane operators, drillers and blasters","Grutiers/grutières, foreurs/foreuses et dynamiteurs/dynamiteuses","","",3
"7371","Crane operators","Grutiers/grutières","","",4
"7372","Drillers and blasters - surface mining, quarrying and construction","Foreurs/foreuses et dynamiteurs/dynamiteuses de mines à ciel ouvert, de carrières et de chantiers de construction","","",4
"7373","Water well drillers","Foreurs/foreuses de puits d'eau","","",4
"738","Printing press operators and other trades and related occupations, n.e.c.","Personnel de l'imprimerie, autre personnel des métiers et personnel assimilé, n.c.a.","","",3
"7381","Printing press operators","Opérateurs/opératrices de presses à imprimer","","",4
"7384","Other trades and related occupations, n.e.c.","Autre personnel des métiers et personnel assimilé, n.c.a.","","",4
"74","Other installers, repairers and servicers and material handlers","Personnel d'installation, de réparation et d'entretien et manutentionnaires","","",2
"744","Other installers, repairers and servicers","Personnel d'installation, de réparation et d'entretien","","",3
"7441","Residential and commercial installers and servicers","Personnel d'installation, d'entretien et de réparation d'équipement résidentiel et commercial","","",4
"7442","Waterworks and gas maintenance workers","Personnel d'entretien des canalisations d'eau et de gaz","","",4
"7444","Pest controllers and fumigators","Fumigateurs/fumigatrices et préposés/préposées au contrôle de la vermine","","",4
"7445","Other repairers and servicers","Autres réparateurs/réparatrices et préposés/préposées à l'entretien","","",4
"745","Longshore workers and material handlers","Débardeurs/débardeuses et manutentionnaires","","",3
"7451","Longshore workers","Débardeurs/débardeuses","","",4
"7452","Material handlers","Manutentionnaires","","",4
"75","Transport and heavy equipment operation and related maintenance occupations","Personnel en opération d'équipement de transport et de machinerie lourde et autre personnel assimilé à l'entretien","","",2
"751","Motor vehicle and transit drivers","Conducteurs/conductrices de véhicules automobiles et de véhicules de transport en commun","","",3
"7511","Transport truck drivers","Conducteurs/conductrices de camions de transport","","",4
"7512","Bus drivers, subway operators and other transit operators","Conducteurs/conductrices d'autobus et opérateurs/opératrices de métro et autres transports en commun","","",4
"7513","Taxi and limousine drivers and chauffeurs","Chauffeurs/chauffeuses de taxi, chauffeurs/chauffeuses de limousine et chauffeurs/chauffeuses","","",4
"7514","Delivery and courier service drivers","Chauffeurs-livreurs/chauffeuses-livreuses - services de livraison et de messagerie","","",4
"752","Heavy equipment operators","Conducteurs/conductrices d'équipement lourd","","",3
"7521","Heavy equipment operators (except crane)","Conducteurs/conductrices d'équipement lourd (sauf les grues)","","",4
"7522","Public works maintenance equipment operators and related workers","Conducteurs/conductrices de machinerie d'entretien public et personnel assimilé","","",4
"753","Other transport equipment operators and related maintenance workers","Autres conducteurs/conductrices de matériel de transport et personnel d'entretien assimilé","","",3
"7531","Railway yard and track maintenance workers","Ouvriers/ouvrières de gares de triage et à l'entretien de la voie ferrée","","",4
"7532","Water transport deck and engine room crew","Matelots de pont et matelots de salle des machines du transport par voies navigables","","",4
"7533","Boat and cable ferry operators and related occupations","Opérateurs/opératrices de bateau à moteur, de bac à câble et personnel assimilé","","",4
"7534","Air transport ramp attendants","Agents/agentes de piste dans le transport aérien","","",4
"7535","Other automotive mechanical installers and servicers","Autres préposés/préposées à la pose et à l'entretien des pièces mécaniques d'automobiles","","",4
"76","Trades helpers, construction labourers and related occupations","Personnel de soutien des métiers, manoeuvres et aides d'entreprise en construction et autre personnel assimilé","","",2
"761","Trades helpers and labourers","Aides de soutien des métiers et manoeuvres","","",3
"7611","Construction trades helpers and labourers","Aides de soutien des métiers et manoeuvres en construction","","",4
"7612","Other trades helpers and labourers","Autres manoeuvres et aides de soutien de métiers","","",4
"762","Public works and other labourers, n.e.c.","Manoeuvres aux travaux publics et personnel assimilé, n.c.a.","","",3
"7621","Public works and maintenance labourers","Manoeuvres à l'entretien des travaux publics","","",4
"7622","Railway and motor transport labourers","Manoeuvres dans le transport ferroviaire et routier","","",4
"8","Natural resources, agriculture and related production occupations","Ressources naturelles, agriculture et production connexe","","",1
"82","Supervisors and technical occupations in natural resources, agriculture and related production","Superviseurs/superviseures et métiers techniques dans les ressources naturelles, l'agriculture et la production connexe","","",2
"821","Supervisors, logging and forestry","Surveillants/surveillantes de l'exploitation forestière","","",3
"8211","Supervisors, logging and forestry","Surveillants/surveillantes de l'exploitation forestière","","",4
"822","Contractors and supervisors, mining, oil and gas","Entrepreneurs/entrepreneuses et surveillants/surveillantes de l'exploitation des mines, du pétrole et du gaz","","",3
"8221","Supervisors, mining and quarrying","Surveillants/surveillantes de l'exploitation des mines et des carrières","","",4
"8222","Contractors and supervisors, oil and gas drilling and services","Entrepreneurs/entrepreneuses et surveillants/surveillantes du forage et des services reliés à l'extraction de pétrole et de gaz","","",4
"823","Underground miners, oil and gas drillers and related occupations","Personnel du forage, des mines souterraines et de l'extraction de pétrole et de gaz","","",3
"8231","Underground production and development miners","Mineurs/mineuses d'extraction et de préparation, mines souterraines","","",4
"8232","Oil and gas well drillers, servicers, testers and related workers","Foreurs/foreuses et personnel de mise à l'essai et des autres services reliés à l'extraction de pétrole et de gaz","","",4
"824","Logging machinery operators","Conducteurs/conductrices de machines d'abattage d'arbres","","",3
"8241","Logging machinery operators","Conducteurs/conductrices de machines d'abattage d'arbres","","",4
"825","Contractors and supervisors, agriculture, horticulture and related operations and services","Entrepreneurs/entrepreneuses et surveillants/surveillantes en agriculture, en horticulture et opérations et services connexes","","",3
"8252","Agricultural service contractors, farm supervisors and specialized livestock workers","Entrepreneurs/entrepreneuses de services agricoles, surveillants/surveillantes d'exploitations agricoles et ouvriers spécialisés/ouvrières spécialisées dans l'élevage","","",4
"8255","Contractors and supervisors, landscaping, grounds maintenance and horticulture services","Entrepreneurs/entrepreneuses et superviseurs/superviseures des services de l'aménagement paysager, de l'entretien des terrains et de l'horticulture","","",4
"826","Fishing vessel masters and fishermen/women","Capitaines de bateaux de pêche et pêcheurs/pêcheuses","","",3
"8261","Fishing masters and officers","Capitaines et officiers/officières de bateaux de pêche","","",4
"8262","Fishermen/women","Pêcheurs indépendants/pêcheuses indépendantes","","",4
"84","Workers in natural resources, agriculture and related production","Personnel en ressources naturelles, en agriculture et en production connexe","","",2
"841","Mine service workers and operators in oil and gas drilling","Personnel d'entretien des mines et du forage des puits de pétrole et de gaz","","",3
"8411","Underground mine service and support workers","Personnel d'entretien et de soutien des mines souterraines","","",4
"8412","Oil and gas well drilling and related workers and services operators","Personnel du forage et de l'entretien des puits de pétrole et de gaz et personnel assimilé","","",4
"842","Logging and forestry workers","Personnel de l'exploitation forestière","","",3
"8421","Chain saw and skidder operators","Opérateurs/opératrices de scies à chaîne et d'engins de débardage","","",4
"8422","Silviculture and forestry workers","Ouvriers/ouvrières en sylviculture et en exploitation forestière","","",4
"843","Agriculture and horticulture workers","Personnel en agriculture et en horticulture","","",3
"8431","General farm workers","Ouvriers/ouvrières agricoles","","",4
"8432","Nursery and greenhouse workers","Ouvriers/ouvrières de pépinières et de serres","","",4
"844","Other workers in fishing and trapping and hunting occupations","Autre personnel de la pêche et personnel du trappage et de la chasse","","",3
"8441","Fishing vessel deckhands","Matelots de pont sur les bateaux de pêche","","",4
"8442","Trappers and hunters","Trappeurs/trappeuses et chasseurs/chasseuses","","",4
"86","Harvesting, landscaping and natural resources labourers","Manoeuvres à la récolte, en aménagement paysager et en ressources naturelles","","",2
"861","Harvesting, landscaping and natural resources labourers","Manoeuvres à la récolte, en aménagement paysager et en ressources naturelles","","",3
"8611","Harvesting labourers","Manoeuvres à la récolte","","",4
"8612","Landscaping and grounds maintenance labourers","Manoeuvres en aménagement paysager et en entretien des terrains","","",4
"8613","Aquaculture and marine harvest labourers","Manoeuvres de l'aquaculture et de la mariculture","","",4
"8614","Mine labourers","Manoeuvres des mines","","",4
"8615","Oil and gas drilling, servicing and related labourers","Manoeuvres de forage et d'entretien des puits de pétrole et de gaz, et personnel assimilé","","",4
"8616","Logging and forestry labourers","Manoeuvres de l'exploitation forestière","","",4
"9","Occupations in manufacturing and utilities","Fabrication et services d'utilité publique","","",1
"92","Processing, manufacturing and utilities supervisors and central control operators","Personnel de supervision dans la transformation, la fabrication et les services d'utilité publique et opérateurs/opératrices de poste central de contrôle","","",2
"921","Supervisors, processing and manufacturing occupations","Surveillants/surveillantes dans la transformation et la fabrication","","",3
"9211","Supervisors, mineral and metal processing","Surveillants/surveillantes dans la transformation des métaux et des minerais","","",4
"9212","Supervisors, petroleum, gas and chemical processing and utilities","Surveillants/surveillantes dans le raffinage du pétrole, dans le traitement du gaz et des produits chimiques et dans les services d'utilité publique","","",4
"9213","Supervisors, food, beverage and associated products processing","Surveillants/surveillantes dans la transformation des aliments, des boissons et des produits connexes","","",4
"9214","Supervisors, plastic and rubber products manufacturing","Surveillants/surveillantes dans la fabrication de produits en caoutchouc et en plastique","","",4
"9215","Supervisors, forest products processing","Surveillants/surveillantes dans la transformation des produits forestiers","","",4
"9217","Supervisors, textile, fabric, fur and leather products processing and manufacturing","Surveillants/surveillantes dans la transformation et la fabrication de produits textiles, de tissus, de fourrure et de cuir","","",4
"922","Supervisors, assembly and fabrication","Surveillants/surveillantes dans la fabrication et le montage","","",3
"9221","Supervisors, motor vehicle assembling","Surveillants/surveillantes dans la fabrication de véhicules automobiles","","",4
"9222","Supervisors, electronics manufacturing","Surveillants/surveillantes dans la fabrication de matériel électronique","","",4
"9223","Supervisors, electrical products manufacturing","Surveillants/surveillantes dans la fabrication d'appareils électriques","","",4
"9224","Supervisors, furniture and fixtures manufacturing","Surveillants/surveillantes dans la fabrication de meubles et d'accessoires","","",4
"9226","Supervisors, other mechanical and metal products manufacturing","Surveillants/surveillantes dans la fabrication d'autres produits métalliques et de pièces mécaniques","","",4
"9227","Supervisors, other products manufacturing and assembly","Surveillants/surveillantes dans la fabrication et le montage de produits divers","","",4
"923","Central control and process operators in processing and manufacturing","Opérateurs/opératrices de poste central de contrôle dans les procédés de transformation et de fabrication","","",3
"9231","Central control and process operators, mineral and metal processing","Opérateurs/opératrices de poste central de contrôle et de conduite de procédés industriels dans le traitement des métaux et des minerais","","",4
"9232","Petroleum, gas and chemical process operators","Opérateurs/opératrices de salle de commande centrale dans le raffinage du pétrole et le traitement du gaz et des produits chimiques","","",4
"9235","Pulping, papermaking and coating control operators","Opérateurs/opératrices au contrôle de la réduction en pâte des pâtes et papiers, de la fabrication du papier et du couchage","","",4
"924","Utilities equipment operators and controllers","Opérateurs/opératrices et contrôleurs/contrôleuses d'équipements d'utilités publiques","","",3
"9241","Power engineers and power systems operators","Mécaniciens/mécaniciennes de centrales et opérateurs/opératrices de réseaux énergiques","","",4
"9243","Water and waste treatment plant operators","Opérateurs/opératrices d'installations du traitement de l'eau et des déchets","","",4
"94","Processing and manufacturing machine operators and related production workers","Opérateurs/opératrices de machinerie reliée à la transformation et à la fabrication et autre personnel assimilé","","",2
"941","Machine operators and related workers in mineral and metal products processing and manufacturing","Opérateurs/opératrices de machines dans le traitement et la fabrication des métaux et des minerais et personnel assimilé","","",3
"9411","Machine operators, mineral and metal processing","Opérateurs/opératrices de machines dans le traitement des métaux et des minerais","","",4
"9412","Foundry workers","Ouvriers/ouvrières de fonderies","","",4
"9413","Glass forming and finishing machine operators and glass cutters","Opérateurs/opératrices de machines à former et à finir le verre et coupeurs/coupeuses de verre","","",4
"9414","Concrete, clay and stone forming operators","Opérateurs/opératrices de machines dans le façonnage et la finition des produits en béton, en argile ou en pierre","","",4
"9415","Inspectors and testers, mineral and metal processing","Contrôleurs/contrôleuses et essayeurs/essayeuses dans la transformation des métaux et des minerais","","",4
"9416","Metalworking and forging machine operators","Opérateurs/opératrices de machines à travailler les métaux légers et lourds, et de machines de formage","","",4
"9417","Machining tool operators","Opérateurs/opératrices de machines d'usinage","","",4
"9418","Other metal products machine operators","Opérateurs/opératrices de machines d'autres produits métalliques","","",4
"942","Machine operators and related workers in chemical, plastic and rubber processing","Opérateurs/opératrices de machines dans le traitement de produits chimiques, du caoutchouc et du plastique et personnel assimilé","","",3
"9421","Chemical plant machine operators","Opérateurs/opératrices d'installations de traitement des produits chimiques","","",4
"9422","Plastics processing machine operators","Opérateurs/opératrices de machines de traitement des matières plastiques","","",4
"9423","Rubber processing machine operators and related workers","Opérateurs/opératrices de machines de transformation du caoutchouc et personnel assimilé","","",4
"943","Machine operators and related workers in pulp and paper production and wood processing and manufacturing","Opérateurs/opératrices de machines dans la production des pâtes et papiers et dans la transformation et la fabrication du bois et personnel assimilé","","",3
"9431","Sawmill machine operators","Opérateurs/opératrices de machines à scier dans les scieries","","",4
"9432","Pulp mill machine operators","Opérateurs/opératrices de machines dans les usines de pâte à papier","","",4
"9433","Papermaking and finishing machine operators","Opérateurs/opératrices de machines dans la fabrication et la finition du papier","","",4
"9434","Other wood processing machine operators","Autres opérateurs/opératrices de machines dans la transformation du bois","","",4
"9435","Paper converting machine operators","Opérateurs/opératrices de machines à façonner le papier","","",4
"9436","Lumber graders and other wood processing inspectors and graders","Classeurs/classeuses de bois d'oeuvre et autres vérificateurs/vérificatrices et classeurs/classeuses dans la transformation du bois","","",4
"9437","Woodworking machine operators","Opérateurs/opératrices de machines à travailler le bois","","",4
"944","Machine operators and related workers in textile, fabric, fur and leather products processing and manufacturing","Opérateurs/opératrices de machines dans la transformation et la confection de produits textiles, d'articles en tissu, en fourrure et en cuir et personnel assimilé","","",3
"9441","Textile fibre and yarn, hide and pelt processing machine operators and workers","Opérateurs/opératrices de machines et travailleurs/travailleuses de traitement des fibres et des fils textiles, du cuir et des peaux","","",4
"9442","Weavers, knitters and other fabric making occupations","Tisseurs/tisseuses, tricoteurs/tricoteuses et autres opérateurs/opératrices de machines textiles","","",4
"9445","Fabric, fur and leather cutters","Coupeurs/coupeuses de tissu, de fourrure et de cuir","","",4
"9446","Industrial sewing machine operators","Opérateurs/opératrices de machines à coudre industrielles","","",4
"9447","Inspectors and graders, textile, fabric, fur and leather products manufacturing","Contrôleurs/contrôleuses et trieurs/trieuses dans la fabrication de produits textiles, de tissus, de fourrure et de cuir","","",4
"946","Machine operators and related workers in food, beverage and associated products processing","Opérateurs/opératrices de machines et personnel assimilé dans la transformation des aliments et boissons et produits connexes","","",3
"9461","Process control and machine operators, food, beverage and associated products processing","Opérateurs/opératrices de machines et de procédés industriels dans la transformation des aliments, des boissons et des produits connexes","","",4
"9462","Industrial butchers and meat cutters, poultry preparers and related workers","Bouchers industriels/bouchères industrielles, dépeceurs-découpeurs/dépeceuses-découpeuses de viande, préparateurs/préparatrices de volaille et personnel assimilé","","",4
"9463","Fish and seafood plant workers","Ouvriers/ouvrières dans les usines de transformation du poisson et de fruits de mer","","",4
"9465","Testers and graders, food, beverage and associated products processing","Échantillonneurs/échantillonneuses et trieurs/trieuses dans la transformation des aliments, des boissons et des produits connexes","","",4
"947","Printing equipment operators and related occupations","Opérateurs/opératrices d'équipement à imprimer et personnel assimilé","","",3
"9471","Plateless printing equipment operators","Opérateurs/opératrices d'équipement d'impression sans plaque","","",4
"9472","Camera, platemaking and other prepress occupations","Photograveurs-clicheurs/photograveuses-clicheuses, photograveurs-reporteurs/photograveuses-reporteuses et autre personnel de prépresse","","",4
"9473","Binding and finishing machine operators","Opérateurs/opératrices de machines à relier et de finition","","",4
"9474","Photographic and film processors","Développeurs/développeuses de films et de photographies","","",4
"95","Assemblers in manufacturing","Monteurs/monteuses dans la fabrication","","",2
"952","Mechanical, electrical and electronics assemblers","Monteurs/monteuses de matériel mécanique, électrique et électronique","","",3
"9521","Aircraft assemblers and aircraft assembly inspectors","Monteurs/monteuses d'aéronefs et contrôleurs/contrôleuses de montage d'aéronefs","","",4
"9522","Motor vehicle assemblers, inspectors and testers","Assembleurs/assembleuses, contrôleurs/contrôleuses et vérificateurs/vérificatrices de véhicules automobiles","","",4
"9523","Electronics assemblers, fabricators, inspectors and testers","Assembleurs/assembleuses, monteurs/monteuses, contrôleurs/contrôleuses et vérificateurs/vérificatrices de matériel électronique","","",4
"9524","Assemblers and inspectors, electrical appliance, apparatus and equipment manufacturing","Monteurs/monteuses et contrôleurs/contrôleuses dans la fabrication de matériel, d'appareils et d'accessoires électriques","","",4
"9525","Assemblers, fabricators and inspectors, industrial electrical motors and transformers","Assembleurs/assembleuses, monteurs/monteuses et contrôleurs/contrôleuses dans la fabrication de transformateurs et de moteurs électriques industriels","","",4
"9526","Mechanical assemblers and inspectors","Monteurs/monteuses et contrôleurs/contrôleuses de matériel mécanique","","",4
"9527","Machine operators and inspectors, electrical apparatus manufacturing","Opérateurs/opératrices de machines et contrôleurs/contrôleuses dans la fabrication d'appareils électriques","","",4
"953","Other assembly and related occupations","Autre personnel de montage et personnel assimilé","","",3
"9531","Boat assemblers and inspectors","Monteurs/monteuses de bateaux et contrôleurs/contrôleuses de montage de bateaux","","",4
"9532","Furniture and fixture assemblers and inspectors","Monteurs/monteuses et contrôleurs/contrôleuses de meubles et d'accessoires","","",4
"9533","Other wood products assemblers and inspectors","Monteurs/monteuses et contrôleurs/contrôleuses d'autres produits en bois","","",4
"9534","Furniture finishers and refinishers","Finisseurs/finisseuses et restaurateurs/restauratrices de meubles","","",4
"9535","Plastic products assemblers, finishers and inspectors","Assembleurs/assembleuses, finisseurs/finisseuses et contrôleurs/contrôleuses de produits en plastique","","",4
"9536","Industrial painters, coaters and metal finishing process operators","Peintres, enduiseurs/enduiseuses et opérateurs/opératrices de postes de contrôle dans le finissage du métal - secteur industriel","","",4
"9537","Other products assemblers, finishers and inspectors","Monteurs/monteuses, finisseurs/finisseuses et contrôleurs/contrôleuses de produits divers","","",4
"96","Labourers in processing, manufacturing and utilities","Manoeuvres dans la transformation, la fabrication et les services d'utilité publique","","",2
"961","Labourers in processing, manufacturing and utilities","Manoeuvres dans la transformation, la fabrication et les services d'utilité publique","","",3
"9611","Labourers in mineral and metal processing","Manoeuvres dans le traitement des métaux et des minerais","","",4
"9612","Labourers in metal fabrication","Manoeuvres en métallurgie","","",4
"9613","Labourers in chemical products processing and utilities","Manoeuvres dans le traitement des produits chimiques et les services d'utilité publique","","",4
"9614","Labourers in wood, pulp and paper processing","Manoeuvres dans le traitement des pâtes et papiers et la transformation du bois","","",4
"9615","Labourers in rubber and plastic products manufacturing","Manoeuvres dans la fabrication des produits en caoutchouc et en plastique","","",4
"9616","Labourers in textile processing","Manoeuvres des produits du textile","","",4
"9617","Labourers in food, beverage and associated products processing","Manoeuvres dans la transformation des aliments, des boissons et des produits connexes","","",4
"9618","Labourers in fish and seafood processing","Manoeuvres dans la transformation du poisson et des fruits de mer","","",4
"9619","Other labourers in processing, manufacturing and utilities","Autres manoeuvres des services de transformation, de fabrication et d'utilité publique","","",4
